id,category_id,first_name,last_name,gender,email,tell,address,building,detail,created_at,updated_at
1,2,佐藤,舞,2,nishinosono.yumiko@example.org,09-1142-1268,松本市石田町田中10-3-6,コーポ佐々木107号,"Et sed quae vel nihil sint. Eaque iure alias deserunt illum molestiae. Aliquam consequatur in consequatur.","2025/01/12 08:36:54","2025/01/12 08:36:54"
2,3,江古田,さゆり,2,kaori.yamaguchi@example.org,090-3024-3622,工藤市井高町工藤10-3-8,コーポ三宅107号,"Soluta eos sed maiores perspiciatis. Aut corporis in et blanditiis.","2025/01/12 08:36:54","2025/01/12 08:36:54"
3,2,吉本,知実,1,etanabe@example.net,049-047-9118,佐藤市青山町山本5-8-9,コーポ佐々木101号,"Atque nesciunt corrupti commodi est nesciunt. Ut quia in voluptatem.","2025/01/12 08:36:54","2025/01/12 08:36:54"
4,4,木村,花子,1,caoyama@example.net,0060-146-395,山岸市中村町宮沢8-4-2,コーポ吉田101号,"Quod tempora veniam et maiores ex. Ut quia doloribus voluptas adipisci.","2025/01/12 08:36:54","2025/01/12 08:36:54"
5,4,山田,裕太,1,mikako.matsumoto@example.com,0294-61-2000,喜嶋市笹田町吉本8-5-10,コーポ廣川108号,"Mollitia qui ut est iure tempore beatae ut. Impedit reiciendis minima et aut.","2025/01/12 08:36:54","2025/01/12 08:36:54"
6,3,青田,修平,2,utsuda@example.net,09502-3-4907,小林市原田町山本2-4-9,コーポ小泉108号,"Omnis et enim voluptatem vitae. Fuga sapiente inventore totam excepturi.","2025/01/12 08:36:54","2025/01/12 08:36:54"
7,2,桐山,七夏,2,rika.ekoda@example.org,090-1788-0103,田辺市三宅町藤本7-6-9,コーポ原田102号,"Qui ex eos quia nihil fugit. Nesciunt voluptatem ea at unde aut. Quis excepturi voluptas cum ut saepe deleniti.","2025/01/12 08:36:54","2025/01/12 08:36:54"
8,3,佐藤,香織,2,yuki.nakajima@example.org,0484-02-4226,松本市喜嶋町小林10-5-9,コーポ木村102号,"Corporis ea delectus et laboriosam atque sapiente id. Magnam et excepturi qui. Corrupti dolorem odit alias consequatur.","2025/01/12 08:36:54","2025/01/12 08:36:54"
9,5,笹田,結衣,3,hanako.sasaki@example.com,090-9401-0811,石田市青田町斉藤4-8-3,ハイツ加納108号,"Odit quia labore molestias. Quod dolor magni possimus. Libero alias maxime ut non reprehenderit.","2025/01/12 08:36:54","2025/01/12 08:36:54"
10,1,田中,亮介,2,kobayashi.asuka@example.org,07588-1-4682,鈴木市高橋町渚8-6-8,ハイツ廣川105号,"Labore maxime quod voluptatem qui qui labore et. Modi est labore perferendis est magni qui.","2025/01/12 08:36:54","2025/01/12 08:36:54"
11,4,宇野,零,2,uyamaguchi@example.net,0530-995-627,小泉市高橋町田中2-4-9,コーポ中津川107号,"Corrupti amet ea id et aut quos expedita. Corrupti consequatur ducimus consequatur et. Tempore doloremque id ea eum.","2025/01/12 08:36:54","2025/01/12 08:36:54"
12,4,斉藤,桃子,1,akemi.yoshida@example.net,06-7014-8308,渡辺市加藤町中津川1-10-9,ハイツ井上103号,"Et praesentium eum et tempora. Quia dolorem dolores ab est incidunt. Aut iste inventore est mollitia sunt natus.","2025/01/12 08:36:54","2025/01/12 08:36:54"
13,5,渡辺,太郎,2,ekato@example.net,080-2152-8412,小林市吉田町松本4-1-5,ハイツ高橋104号,"Qui nobis sed occaecati at laborum. Voluptatem quasi quisquam amet at enim. Eum nam enim non.","2025/01/12 08:36:54","2025/01/12 08:36:54"
14,2,原田,裕樹,3,gtakahashi@example.net,09989-2-6368,小林市宇野町村山5-10-3,コーポ山田102号,"Animi quibusdam ad voluptatem nulla ea voluptatum voluptate. Dicta architecto aut voluptatem odio.","2025/01/12 08:36:54","2025/01/12 08:36:54"
15,3,青山,幹,2,qharada@example.com,02-4960-0588,坂本市笹田町村山4-1-8,コーポ佐藤102号,"Velit autem in voluptatum sed. Fugit ab totam sunt sunt. Quod voluptatem sed asperiores.","2025/01/12 08:36:54","2025/01/12 08:36:54"
16,5,井高,和也,3,midaka@example.org,0510-799-051,野村市佐藤町木村7-3-8,コーポ喜嶋110号,"Iusto at laborum culpa natus fuga qui illo corporis. Et voluptatum voluptas sed voluptates dolor quia.","2025/01/12 08:36:54","2025/01/12 08:36:54"
17,1,若松,洋介,2,jun10@example.com,090-8055-1960,村山市浜田町浜田3-3-7,コーポ渚101号,"Doloribus quasi dolor qui unde. Delectus magnam distinctio accusantium. Cum ipsum provident aut tenetur omnis illo ea.","2025/01/12 08:36:54","2025/01/12 08:36:54"
18,1,斉藤,直人,1,taro.kimura@example.net,0490-33-8881,山口市伊藤町井上7-8-1,コーポ山田104号,"Facere labore iusto nam vel molestiae. Exercitationem non ut consequatur ducimus.","2025/01/12 08:36:54","2025/01/12 08:36:54"
19,4,野村,裕太,1,sakamoto.taichi@example.com,090-6392-2631,原田市宮沢町山岸6-7-2,ハイツ中津川108号,"Cum voluptates dolores ipsa. Iste rem nobis debitis architecto quia perspiciatis. Neque recusandae odio fugiat iusto.","2025/01/12 08:36:54","2025/01/12 08:36:54"
20,2,宮沢,七夏,1,youichi61@example.com,06-0422-7375,中村市吉田町江古田4-8-8,コーポ廣川106号,"Qui laborum debitis ad sed et nesciunt ut. Beatae voluptas explicabo enim nam nobis dolore. Ipsa quas ut voluptatem.","2025/01/12 08:36:54","2025/01/12 08:36:54"
21,4,杉山,結衣,3,soutaro.hamada@example.net,080-6757-0480,若松市廣川町江古田8-8-9,ハイツ石田107号,"Rerum ducimus ut ad illum. Eum aspernatur corporis dolores explicabo. Non et expedita enim ipsam.","2025/01/12 08:36:54","2025/01/12 08:36:54"
22,5,吉本,康弘,3,wakamatsu.ryohei@example.com,080-9528-3998,斉藤市渡辺町江古田2-6-9,ハイツ原田109号,"Est nisi commodi odio neque ex consequatur. Iure asperiores et perspiciatis sit doloribus consequuntur.","2025/01/12 08:36:54","2025/01/12 08:36:54"
23,2,宇野,亮介,2,minoru49@example.com,03643-3-5724,津田市西之園町吉本2-5-4,ハイツ廣川102号,"Dolores vel pariatur cupiditate ea. Maxime amet sint nihil quibusdam. Eum quia omnis quasi maiores animi ullam.","2025/01/12 08:36:54","2025/01/12 08:36:54"
24,3,喜嶋,直子,3,shuhei.miyake@example.org,080-5024-5299,笹田市村山町山田6-10-8,ハイツ藤本106号,"Ipsam expedita doloribus nulla. Veniam ut voluptas nemo dignissimos. Provident enim doloribus non voluptas.","2025/01/12 08:36:54","2025/01/12 08:36:54"
25,5,江古田,翼,2,tsuda.tomoya@example.net,0660-568-837,佐々木市山口町青田2-10-3,ハイツ高橋104号,"Qui et repudiandae cumque non quaerat accusantium molestias. Voluptates aut non est omnis et saepe.","2025/01/12 08:36:54","2025/01/12 08:36:54"
26,1,吉田,晃,2,akira.suzuki@example.com,071-694-5487,斉藤市鈴木町野村1-5-8,ハイツ西之園105号,"Magnam consequatur provident facere asperiores inventore voluptas. Iste vero aperiam qui commodi qui.","2025/01/12 08:36:54","2025/01/12 08:36:54"
27,3,桐山,陽子,2,taichi.nomura@example.net,03-8433-3055,高橋市吉田町中島10-3-7,ハイツ加納105号,"Voluptatem aut tempora sint aut. Velit fuga officiis aut ut est sed. Voluptatibus quaerat non vitae esse eos eum sunt.","2025/01/12 08:36:54","2025/01/12 08:36:54"
28,4,吉田,淳,2,suzuki.soutaro@example.net,080-1784-3691,青山市若松町桐山1-1-1,ハイツ西之園103号,"Aperiam saepe ullam nostrum est ipsa. Saepe placeat architecto et quia ullam. Recusandae aut quibusdam sed voluptate.","2025/01/12 08:36:54","2025/01/12 08:36:54"
29,2,渚,結衣,3,tkimura@example.net,042-107-1996,吉本市近藤町渡辺8-5-9,ハイツ笹田106号,"Et aliquam quod officiis assumenda repellendus eveniet. A voluptatem facilis unde exercitationem in accusamus.","2025/01/12 08:36:54","2025/01/12 08:36:54"
30,4,高橋,直子,3,idaka.mitsuru@example.net,090-1783-7075,井上市石田町若松4-7-10,ハイツ大垣108号,"Vitae optio sed expedita autem eaque. Facilis a est dignissimos at.","2025/01/12 08:36:54","2025/01/12 08:36:54"
31,1,山本,裕樹,1,rekoda@example.com,090-7918-0092,吉本市斉藤町田辺7-6-5,ハイツ田辺102号,"Sunt corrupti ut minima commodi enim. Aut ut iusto voluptates delectus quae. Vel voluptatem sit sit voluptatem et.","2025/01/12 08:36:54","2025/01/12 08:36:54"
32,3,小泉,明美,2,asuka.tanabe@example.net,09-0025-6967,近藤市井高町津田2-5-2,コーポ若松103号,"Nostrum et sunt eum tempore quasi. Dicta cum nihil dolor molestias et deleniti quam. Reprehenderit non placeat sed.","2025/01/12 08:36:54","2025/01/12 08:36:54"
33,3,宇野,七夏,3,atanaka@example.com,06-5846-3556,田中市近藤町山岸8-9-9,ハイツ吉本108号,"Laboriosam amet excepturi nihil optio. Nihil rerum et molestiae quas voluptas perferendis ut voluptatem.","2025/01/12 08:36:54","2025/01/12 08:36:54"
34,1,石田,七夏,2,gsasaki@example.net,0710-393-968,三宅市小泉町山岸8-10-1,コーポ山本105号,"Voluptatem officiis accusamus sunt hic rerum. Quos laborum quia et autem quia nihil.","2025/01/12 08:36:54","2025/01/12 08:36:54"
35,1,井高,太一,3,ishida.rei@example.org,080-1016-7124,近藤市佐藤町杉山1-10-4,コーポ佐藤105号,"Inventore ipsa qui qui numquam et consectetur consequatur et. In temporibus mollitia amet omnis minus doloribus neque.","2025/01/12 08:36:54","2025/01/12 08:36:54"
